{"entities":{"pages":{"Introduction":{"id":"Introduction","title":"Introduction","url":"introduction.html","level":0,"tabIndex":0},"Next-js-Project-Setup":{"id":"Next-js-Project-Setup","title":"Next.js Project Setup","url":"next-js-project-setup.html","level":0,"tabIndex":1},"Routing-and-Navigation":{"id":"Routing-and-Navigation","title":"Routing and Navigation","url":"routing-and-navigation.html","level":0,"tabIndex":2},"Client-vs-Server-components":{"id":"Client-vs-Server-components","title":"Client vs Server components","url":"client-vs-server-components.html","level":0,"tabIndex":3},"Data-Fetching":{"id":"Data-Fetching","title":"Data Fetching","url":"data-fetching.html","level":0,"tabIndex":4},"Static-and-Dynamic-Rendering":{"id":"Static-and-Dynamic-Rendering","title":"Static and Dynamic Rendering","url":"static-and-dynamic-rendering.html","level":0,"tabIndex":5},"Styling-Next-js-Applications":{"id":"Styling-Next-js-Applications","title":"Styling Next.js Applications","url":"styling-next-js-applications.html","level":0,"pages":["Global-Styles","CSS-Modules"],"tabIndex":6},"Global-Styles":{"id":"Global-Styles","title":"Global Styles","url":"global-styles.html","level":1,"parentId":"Styling-Next-js-Applications","tabIndex":0},"CSS-Modules":{"id":"CSS-Modules","title":"CSS Modules","url":"css-modules.html","level":1,"parentId":"Styling-Next-js-Applications","tabIndex":1}}},"topLevelIds":["Introduction","Next-js-Project-Setup","Routing-and-Navigation","Client-vs-Server-components","Data-Fetching","Static-and-Dynamic-Rendering","Styling-Next-js-Applications"]}