{"entities":{"pages":{"Introduction":{"id":"Introduction","title":"Introduction","url":"introduction.html","level":0,"tabIndex":0},"Next-js-Project-Setup":{"id":"Next-js-Project-Setup","title":"Next.js Project Setup","url":"next-js-project-setup.html","level":0,"tabIndex":1},"Routing-and-Navigation-Overview":{"id":"Routing-and-Navigation-Overview","title":"Routing and Navigation Overview","url":"routing-and-navigation-overview.html","level":0,"tabIndex":2},"Client-vs-Server-components":{"id":"Client-vs-Server-components","title":"Client vs Server components","url":"client-vs-server-components.html","level":0,"tabIndex":3},"Data-Fetching":{"id":"Data-Fetching","title":"Data Fetching","url":"data-fetching.html","level":0,"tabIndex":4},"Static-and-Dynamic-Rendering":{"id":"Static-and-Dynamic-Rendering","title":"Static and Dynamic Rendering","url":"static-and-dynamic-rendering.html","level":0,"tabIndex":5},"Styling-Next-js-Applications":{"id":"Styling-Next-js-Applications","title":"Styling Next.js Applications","url":"styling-next-js-applications.html","level":0,"pages":["Global-Styles","CSS-Modules","Tailwind-CSS","DaisyUI"],"tabIndex":6},"Global-Styles":{"id":"Global-Styles","title":"Global Styles","url":"global-styles.html","level":1,"parentId":"Styling-Next-js-Applications","tabIndex":0},"CSS-Modules":{"id":"CSS-Modules","title":"CSS Modules","url":"css-modules.html","level":1,"parentId":"Styling-Next-js-Applications","tabIndex":1},"Tailwind-CSS":{"id":"Tailwind-CSS","title":"Tailwind CSS","url":"tailwind-css.html","level":1,"parentId":"Styling-Next-js-Applications","tabIndex":2},"DaisyUI":{"id":"DaisyUI","title":"DaisyUI","url":"daisyui.html","level":1,"parentId":"Styling-Next-js-Applications","tabIndex":3},"Routing-Deepdive":{"id":"Routing-Deepdive","title":"Routing Deepdive","url":"routing-deepdive.html","level":0,"pages":["Dynamic-Routes","Catch-all-Segments","Accessing-Query-String-Parameters"],"tabIndex":7},"Dynamic-Routes":{"id":"Dynamic-Routes","title":"Dynamic Routes","url":"dynamic-routes.html","level":1,"parentId":"Routing-Deepdive","tabIndex":0},"Catch-all-Segments":{"id":"Catch-all-Segments","title":"Catch-all Segments","url":"catch-all-segments.html","level":1,"parentId":"Routing-Deepdive","tabIndex":1},"Accessing-Query-String-Parameters":{"id":"Accessing-Query-String-Parameters","title":"Accessing Query String Parameters","url":"accessing-query-string-parameters.html","level":1,"parentId":"Routing-Deepdive","tabIndex":2},"Layout":{"id":"Layout","title":"Layout","url":"layout.html","level":0,"tabIndex":8},"Navigation-Deepdive":{"id":"Navigation-Deepdive","title":"Navigation Deepdive","url":"navigation-deepdive.html","level":0,"pages":["The-Link-Component","Programmatic-Navigation"],"tabIndex":9},"The-Link-Component":{"id":"The-Link-Component","title":"The Link Component","url":"the-link-component.html","level":1,"parentId":"Navigation-Deepdive","tabIndex":0},"Programmatic-Navigation":{"id":"Programmatic-Navigation","title":"Programmatic Navigation","url":"programmatic-navigation.html","level":1,"parentId":"Navigation-Deepdive","tabIndex":1},"Showing-Loading-UIs":{"id":"Showing-Loading-UIs","title":"Showing Loading UIs","url":"showing-loading-uis.html","level":0,"tabIndex":10},"Error-Handling":{"id":"Error-Handling","title":"Error Handling","url":"error-handling.html","level":0,"pages":["Handling-Not-Found-Errors","Handling-Unexpected-Errors"],"tabIndex":11},"Handling-Not-Found-Errors":{"id":"Handling-Not-Found-Errors","title":"Handling Not Found Errors","url":"handling-not-found-errors.html","level":1,"parentId":"Error-Handling","tabIndex":0},"Handling-Unexpected-Errors":{"id":"Handling-Unexpected-Errors","title":"Handling Unexpected Errors","url":"handling-unexpected-errors.html","level":1,"parentId":"Error-Handling","tabIndex":1},"Handling-HTTP-Requests":{"id":"Handling-HTTP-Requests","title":"Handling HTTP Requests","url":"handling-http-requests.html","level":0,"tabIndex":12},"Validating-Requests-with-Zod":{"id":"Validating-Requests-with-Zod","title":"Validating Requests with Zod","url":"validating-requests-with-zod.html","level":0,"tabIndex":13},"Database-Integration":{"id":"Database-Integration","title":"Database Integration","url":"database-integration.html","level":0,"pages":["Installing-MySQL","Setting-Up-Prisma","Defining-Models","Creating-Migrations","Creating-a-Prisma-Client","Performing-CRUD-Operations-on-the-database"],"tabIndex":14},"Installing-MySQL":{"id":"Installing-MySQL","title":"Installing MySQL","url":"installing-mysql.html","level":1,"parentId":"Database-Integration","tabIndex":0},"Setting-Up-Prisma":{"id":"Setting-Up-Prisma","title":"Setting Up Prisma","url":"setting-up-prisma.html","level":1,"parentId":"Database-Integration","tabIndex":1},"Defining-Models":{"id":"Defining-Models","title":"Defining Models","url":"defining-models.html","level":1,"parentId":"Database-Integration","tabIndex":2},"Creating-Migrations":{"id":"Creating-Migrations","title":"Creating Migrations","url":"creating-migrations.html","level":1,"parentId":"Database-Integration","tabIndex":3},"Creating-a-Prisma-Client":{"id":"Creating-a-Prisma-Client","title":"Creating a Prisma Client","url":"creating-a-prisma-client.html","level":1,"parentId":"Database-Integration","tabIndex":4},"Performing-CRUD-Operations-on-the-database":{"id":"Performing-CRUD-Operations-on-the-database","title":"Performing CRUD Operations on the database","url":"performing-crud-operations-on-the-database.html","level":1,"parentId":"Database-Integration","tabIndex":5},"Uploading-Files":{"id":"Uploading-Files","title":"Uploading Files","url":"uploading-files.html","level":0,"pages":["Setting-Up-Cloudinary","Uploading-to-Cloudinary","Showing-Uploaded-Images"],"tabIndex":15},"Setting-Up-Cloudinary":{"id":"Setting-Up-Cloudinary","title":"Setting Up Cloudinary","url":"setting-up-cloudinary.html","level":1,"parentId":"Uploading-Files","tabIndex":0},"Uploading-to-Cloudinary":{"id":"Uploading-to-Cloudinary","title":"Uploading to Cloudinary","url":"uploading-to-cloudinary.html","level":1,"parentId":"Uploading-Files","tabIndex":1},"Showing-Uploaded-Images":{"id":"Showing-Uploaded-Images","title":"Showing Uploaded Images","url":"showing-uploaded-images.html","level":1,"parentId":"Uploading-Files","tabIndex":2},"Authentication":{"id":"Authentication","title":"Authentication","url":"authentication.html","level":0,"pages":["Setting-Up-Auth-js","Configuring-Google-Provider"],"tabIndex":16},"Setting-Up-Auth-js":{"id":"Setting-Up-Auth-js","title":"Setting Up Auth.js","url":"setting-up-auth-js.html","level":1,"parentId":"Authentication","tabIndex":0},"Configuring-Google-Provider":{"id":"Configuring-Google-Provider","title":"Configuring Google Provider","url":"configuring-google-provider.html","level":1,"parentId":"Authentication","tabIndex":1}}},"topLevelIds":["Introduction","Next-js-Project-Setup","Routing-and-Navigation-Overview","Client-vs-Server-components","Data-Fetching","Static-and-Dynamic-Rendering","Styling-Next-js-Applications","Routing-Deepdive","Layout","Navigation-Deepdive","Showing-Loading-UIs","Error-Handling","Handling-HTTP-Requests","Validating-Requests-with-Zod","Database-Integration","Uploading-Files","Authentication"]}