{"entities":{"pages":{"Introduction":{"id":"Introduction","title":"Introduction","url":"introduction.html","level":0,"tabIndex":0},"Next-js-Project-Setup":{"id":"Next-js-Project-Setup","title":"Next.js Project Setup","url":"next-js-project-setup.html","level":0,"tabIndex":1},"Routing-and-Navigation":{"id":"Routing-and-Navigation","title":"Routing and Navigation","url":"routing-and-navigation.html","level":0,"tabIndex":2}}},"topLevelIds":["Introduction","Next-js-Project-Setup","Routing-and-Navigation"]}